date,subject,quote,attribution,note
2017-10-08,Ocean update from Little Blue Letter 🌊,"Defend the ocean like your life depends on it, because it does!",Sylvia Earle,
2017-10-17,Ocean update from Little Blue Letter 🌊,"The sea, once it casts its spell, holds one in its net of wonder forever.",Jacques Cousteau,
2017-10-21,Ocean update from Little Blue Letter 🌊,How inappropriate to call this planet Earth when it is clearly Ocean.,Arthur C. Clarke,
2017-10-23,Ocean update from Little Blue Letter 🌊,It’s too late to be pessimistic - we need action and love,Yann Arthus-Bertrand,
2017-10-30,Ocean update from Little Blue Letter 🌊,The health of our oceans is under threat. They’re changing at a faster rate than ever before in human history.,David Attenborough,
2017-11-02,Ocean update from Little Blue Letter 🌊,We know more about the surface of Mars than we do about the deepest parts of our seas.,David Attenborough,
2017-11-10,Ocean update from Little Blue Letter 🌊,Never before have we had such an awareness of what we are doing to the planet and never before have we had the power to do something.,David Attenborough,
2017-11-22,Ocean update from Little Blue Letter 🌊,I need the sea because it teaches me,Pablo Neruda,
2017-11-29,Ocean update from Little Blue Letter 🌊,"Every time I slip into the ocean, it's like going home.",Sylvia Earle,
2017-12-08,Ocean update from Little Blue Letter 🌊,"You can, you should, and if you're brave enough to start, you will.",Stephen King,
2017-12-19,Little Blue Letter's review of 2017 🌊,"Surely we have a responsibility to care for our blue planet. The future of humanity, and indeed all life on Earth, now depends on us.",Sir David Attenborough,
2017-12-24,Ocean update from Little Blue Letter 🌊 🎄 🦀,The world’s finest wilderness lies beneath the waves,Wyland,
2018-01-05,Ocean update from Little Blue Letter 🌊,I must be a mermaid... I have no fear of depths and a great fear of shallow living.,Anaïs Nin,
2018-01-11,Ocean update from Little Blue Letter 🌊 🐢,"Roll on, deep and dark blue ocean, roll. Ten thousand fleets sweep over thee in vain. Man marks the earth with ruin, but his control stops with the shore.",Lord Byron,
2018-01-18,Ocean update from Little Blue Letter 🌊,,,no opening quote
2018-01-18,Ocean update from Little Blue Letter 🌊,"If we don't change the way we produce and use plastics, ​there will be more plastics than fish in our oceans by 2050",Frans Timmermans (Vice President of the European Commission),
2018-01-25,Ocean update from Little Blue Letter 🌊,We need a radical transformation of the take-make-dispose plastics system towards one that is circular by design,Ellen MacArthur,
2018-01-31,Ocean update from Little Blue Letter 🌊,The problem is not the problem. The problem is your attitude about the problem.,Jack Sparrow,
2018-01-31,Ocean update from Little Blue Letter 🌊 🐋,"My rainbow comes out not from the pots of gold, but from the whale that gradually turns in my sea",Enzo Maiorca,
2018-02-23,Ocean update from Little Blue Letter 🌊 🐢,"We know only too well that what we are doing is nothing more than a drop in the ocean. But if the drop were not there, the ocean would be missing something.",Mother Teresa,
2018-03-01,Ocean update from Little Blue Letter 🌊,"It is a curious situation that the sea, from which life first arose, should now be threatened by the activities of one form of that life. But the sea, though changed in a sinister way, will continue to exist.","Rachel Carson,",
2018-03-16,Ocean Update from Little Blue Letter 🌊,"We are just a slightly advanced breed of monkeys on a minor planet orbiting an average star,",Stephen Hawking,
2018-03-22,Little Blue Letter (a little bit late) 🌊,Do not let what you cannot do interfere with what you can do.,John Wooden,
2018-03-30,Ocean update from Little Blue Letter 🌊,"The Ocean was breathing: a live, dear, and kind being. The water was touching my skin slightly, tenderly. It was cosy even. Had I not been aware that I was a human and had to swim somewhere, I would have almost been totally happy.","Slava Kurilov,",
2018-04-14,Ocean update from Little Blue Letter 🌊,"Under the sea, Under the sea Darling it's better, Down where it's wetter Take it from me!","Sebastian the crab, The Little Mermaid",
2018-04-14,Ocean update from Little Blue Letter,"Without water, our planet would be one of the billions of lifeless rocks floating endlessly in the vastness of the inky-black void",Fabien Cousteau,
2018-04-19,Ocean update from Little Blue Letter 🌊,"The cure for everything is salt water: sweat, tears, or the sea",Karen Blixen,
2018-04-28,Ocean update from Little Blue Letter 🌊,"We cannot always build a future for our youth, but we can always build our youth for the future.",Franklin D. Roosevelt,
2018-05-04,Ocean update from Little Blue Letter 🌊,That sea ice is like our garden.,"Stanley Tocktoo, President, Native Village of Shishmaref",
2018-05-11,Ocean update from Little Blue Letter 🌊,"When you sail on a boat, you take with you the minimum of resources. You don't waste anything.",Ellen Macarthur,
2018-05-18,Ocean update from Little Blue Letter 🌊,Everyone benefits from a frozen Arctic.,"Sheila Watt-Cloutier, Canadian Inuit Activist",
2018-05-26,Ocean update from Little Blue Letter 🌊 (a little bit late),"No water, no life. No blue, no green.","Sylvia Earle, legendary ocean researcher",
2018-06-01,Ocean update from Little Blue Letter 🌊,You are not a drop in the ocean. You are the entire ocean in a drop,Rumi,
2018-06-08,Ocean update from Little Blue Letter 🌊,"I get into a meditative state but I don’t follow a path that people who meditate take, like sitting in a room and getting quiet. It is when I swim that I meditate.",Ben Lacomte,
2018-06-22,Ocean update from Little Blue Letter 🌊,"Every once in a while, a new technology, an old problem, and a big idea turn into an innovation",Dean Kamen,
2018-06-27,Ocean update from Little Blue Letter 🌊,Let the ocean worry about being blue,Alabama Shakes,
2018-07-13,Ocean update from Little Blue Letter 🌊,"In every curving beach, in every grain of sand there is the story of the Earth",Rachel Carson,
2018-08-03,Ocean update from Little Blue Letter 🌊,"I have always felt I lived on the high seas, threatened, at the heart of a royal happiness.",Albert Camus,
2018-09-12,Ocean Update from Little Blue Letter 🌊,We are all in the same canoe and have to paddle together.,Olai Uludong (on negotiating a high seas treaty),
2018-09-17,Ocean Update from Little Blue Letter 🌊,"The cure for anything is salt water: sweat, tears or the sea.",Karen Blixen,
2018-09-26,Ocean update from Little Blue Letter 🌊,"If the ocean can calm itself, so can you. We are both salt water mixed with air.",Nayyirah Waheed,
2018-10-12,Ocean update from Little Blue Letter 🌊,Ny rano masina no valamparihiko,Malagasy proverb,
2018-11-17,Ocean update from Little Blue Letter,"A marsh is a whole world within a world, a different world, with a life of its own, with its own permanent denizens, its passing visitors, its voices, its sounds, its own strange mystery.",Guy de Maupassant,
2018-11-21,Ocean update from Little Blue Letter 🌊,It is not down on any map; true places never are.,"Herman Melville, Moby Dick",
2018-12-03,Ocean update from Little Blue Letter 🌊,I am not afraid of storms. For I’m learning to sail my ship,Louisa May Alcott,
2019-01-23,Ocean Update from Little Blue Letter 🌊,"What you do or don't do has an impact on the world. So be positive, make a difference.",Sylvia Earle,
2019-01-31,Ocean Update from Little Blue Letter 🌊,"You must not lose faith in humanity. Humanity is like an ocean; if a few drops of the ocean are dirty, the ocean does not become dirty.",Mahatma Gandhi,
2019-02-06,Ocean Update from Little Blue Letter 🌊,"To save coral reefs we also need healthy - and more - forests, to absorb more CO2 and mitigate ocean acidification",Enric Sala,
2019-02-21,Ocean Update from Little Blue Letter 🌊,i am water soft enough to offer life tough enough to drown it away,Rupi Kaur,
2019-03-06,Ocean Update from Little Blue Letter 🌊,"Is it the ocean that needs us, or is it us that needs the ocean?","Kosi Latu, director general of the South Pacific Regional Environment Program (SPREP)",
2019-03-19,Ocean Update from Little Blue Letter 🌊,I find the lure of the unknown irresistible,Sylvia Earle (on the deep ocean),
2019-04-05,Ocean Update from Little Blue Letter 🌊,Yet is there hope. Time and tide flow wide.,Moby Dick at Sea,
2019-04-12,Ocean Update from Little Blue Letter 🌊,What would an ocean be without a monster lurking in the dark? It would be like sleep without dreams.,Werner Herzog,
2019-05-10,Ocean Update from Little Blue Letter 🌊,The edge of the sea is a strange and beautiful place.,Rachel Carson,
2019-06-06,Ocean Update from Little Blue Letter 🌊,Waste is not waste until we waste it,Will.I.Am,
2019-06-28,Ocean Update from Little Blue Letter 🌊,Rivers divided will once again meet in the ocean,,no attribution on the opening line
2019-07-26,Ocean Update from Little Blue Letter 🌊,"With every drop of water you drink, every breath you take, you're connected to the sea. No matter where on Earth you live",Sylvia Earle,
2019-09-08,Ocean Update from Little Blue Letter 🐳,Those who live by the sea can hardly form a single thought of which the sea would not be part.,Hermann Broch,
2019-09-19,Ocean Update from Little Blue Letter 🌊,"Everyday is World Oceans Day for me. I'm either in, on or around ocean or I'm thinking about how to drive change. I feel intensely responsible about leaving this world a better place I found it.",Dr. Asha de Vos,
2019-09-26,Ocean Update from Little Blue Letter 🌊,To escape and sit quietly on the beach — that’s my idea of paradise.,that’s my idea of paradise.,
2019-10-11,Ocean update from Little Blue Letter 🌊,"Whenever I look at the ocean, I always want to talk to people, but when I'm talking to people, I always want to look at the ocean.",Haruki Murakami,
2019-10-11,Ocean update from Little Blue Letter 🌊,I find the lure of the unknown irresistible.,Sylvia Earle,
2019-10-21,Ocean update from Little Blue Letter 🌊,"You must not lose faith in humanity. Humanity is like an ocean; if a few drops of the ocean are dirty, the ocean does not become dirty.",Ghandi,
2019-11-04,Ocean update from Little Blue Letter 🌊,"Hark, now hear the sailors cry, Smell the sea, and feel the sky, Let your soul & spirit fly...",Van Morrison,
2019-12-09,Ocean update from Little Blue Letter 🌊,"I could never stay long enough on the shore; the tang of the untainted, fresh, and free sea air was like a cool, quieting thought.",Helen Keller,
2020-01-06,Ocean update from Little Blue Letter 🌊,How inappropriate to call this planet Earth when it is quite clearly Ocean.,Arthur C. Clarke,
2020-01-30,Ocean update from Little Blue Letter 🌊,Ah! well a-day! what evil looks,Samuel Taylor Coleridge (The Rime of the Ancient Mariner),
2020-02-07,Ocean update from Little Blue Letter 🌊,"Da minha língua vê-se o mar.” (From my language, you can see the sea.)",Vergílio Ferreira,
2020-02-17,Ocean update from Little Blue Letter 🌊,"The ocean is this beautiful, unexplored place. Why on Earth everyone isn't down there, I don't know.",Graham Hawkes,
2020-04-03,Ocean update from Little Blue Letter 🌊,"The ocean is this beautiful, unexplored place. Why on Earth everyone isn't down there, I don't know.",Graham Hawkes,
2020-04-10,Ocean update from Little Blue Letter 🌊,"I know not all that may be coming, but be it what it will, I'll go to it laughing.","Herman Melville,",
2020-04-24,Ocean update from Little Blue Letter 🌊,"If you're having a bad day, catch a wave.",Frosty Hesson,
2020-04-28,Ocean update from Little Blue Letter 🌊,Quando eu morrer voltarei para buscar Os instantes que não vivi junto do mar.,Sophia de Mello Breyner Andresen,
2020-05-22,Ocean update from Little Blue Letter 🇸🇨,The ocean is more than our life soul. It's who we are.,Aquaman (2018),
2020-06-19,Ocean update from Little Blue Letter 🌊,"You must not lose faith in humanity. Humanity is an ocean; if a few drops of the ocean are dirty, the ocean does not become dirty.",Mahatma Gandhi,
2020-07-03,Ocean update from Little Blue Letter 🌊,There's probably more history now preserved underwater than in all the museums of the world combined.,Dr. Robert Ballard,
2020-07-24,Ocean update from Little Blue Letter 🌄🌴🌊,We inherited these mangroves from our ancestors. They provide us with the materials and resources we need to survive. I want to make sure we can pass these forests on to our children,"Mr. François, member of Velondriake locally managed marine area (LMMA)",
2020-10-30,Ocean update from Little Blue Letter 🌊,Ocean: A body of water occupying two-thirds of a world made for man - who has no gills,Ambrose Bierce,
2020-11-20,Ocean update from Little Blue Letter 🌊,"If you cannot catch a fish, do not blame the sea.",Greek Proverb,
2020-11-27,Ocean update from Little Blue Letter 🌊,"The cure for anything is salt water: sweat, tears or the sea.",Isak Dinesen,
2020-12-04,Ocean update from Little Blue Letter 🌊,"For civilization to survive, the human race has to remain civilized.",Rod Serling,
2020-12-11,Ocean update from Little Blue Letter 🌊,"We are tied to the ocean. And when we go back to the sea, whether it is to sail or to watch, we are going back from whence we came.",John F. Kennedy,
2020-12-17,Ocean update from Little Blue Letter 🌊,"There is a pleasure in the pathless woods, There is a rapture on the lonely shore, There is society, where none intrudes, By the deep Sea, and music in its roar: I love not Man the less, but Nature more",Lord Byron,
2021-03-11,Ocean update from Little Blue Letter 🌊,"The Ocean is more ancient than the mountains, and freighted with the memories and the dreams of Time.",H. P. Lovecraft,
2021-04-29,Ocean update from Little Blue Letter 🌊,A group of women collecting data on octopus in Comoros 🐙,"Mima Gomez, Community Liaison Officer (Blue Ventures) based on Atauro Island, Timor-Leste",
2021-07-23,Ocean Update from Little Blue Letter 🌊,"When the mangrove forests were not yet destroyed. It was so easy to find the wood we needed to build our houses, and we didn’t have to go very far to find mud crabs for food. But over time, the mangroves became degraded, and the crabs and fish were much harder to catch. Today, it makes me happy to see that with community reforestation efforts, life in the mangroves is slowly coming back to how it used to be.","Evariste, Deputy President of the community association of Andimakafito village, northwest Madagascar",
2021-11-12,Ocean Update from Little Blue Letter 🌊,"When the world talks about the climate crisis, the ocean crisis must be front and center in that conversation.",John Kerry,
2023-03-10,🚨 Good news alert! High seas treaty finally agreed 🐋,The ship has reached the shore,"Rena Lee, President of the high seas treaty negotiations",
